City,Cloudiness,Country,Humidity,Lat,Lon,Temp Max (C),Wind Speed (m/s),Temp Max (F),Wind Speed (mph)
tiksi,81,RU,96,71.64,128.87,0.54,4.06,32.972,9.081961345740872
auki,100,NG,54,12.18,6.51,29.04,4.23,84.272,9.462240515390123
busselton,0,AU,68,-33.64,115.35,13.89,1.34,57.002,2.9974946313528985
faya,40,SA,82,18.39,42.45,16.0,5.1,60.8,11.408375089477449
sinnamary,81,GF,83,5.38,-52.96,27.04,5.04,80.672,11.274158911954187
faanui,0,PF,68,-16.48,-151.75,27.64,3.73,81.752,8.343772369362922
albany,75,US,44,42.65,-73.75,26.0,5.1,78.8,11.408375089477449
hermanus,89,ZA,97,-34.42,19.24,15.0,5.66,59.0,12.661059413027917
kaeo,36,NZ,100,-35.1,173.78,12.22,6.55,53.996,14.651932712956334
ribeira grande,99,PT,93,38.52,-28.7,19.24,4.82,66.632,10.782032927702218
hithadhoo,84,MV,78,-0.6,73.08,28.84,4.51,83.912,10.088582677165354
butaritari,52,KI,72,3.07,172.79,28.94,2.71,84.09200000000001,6.06209735146743
kamyshin,2,RU,66,50.08,45.4,20.24,1.69,68.432,3.78042233357194
togur,84,RU,78,58.36,82.83,8.34,0.64,47.012,1.4316392269148173
puerto ayora,20,EC,74,-0.74,-90.35,26.0,7.2,78.8,16.1059413027917
bambous virieux,75,MU,94,-20.34,57.76,23.0,4.28,73.4,9.57408732999284
flin flon,40,CA,30,54.77,-101.88,14.0,3.1,57.2,6.934502505368647
dongning,7,CN,46,44.06,131.12,22.54,4.99,72.572,11.162312097351467
bandarbeyla,93,SO,83,9.49,50.81,25.54,3.45,77.972,7.717430207587688
new norfolk,75,AU,75,-42.78,147.06,11.11,3.6,51.998,8.05297065139585
gamba,34,CN,40,28.28,88.52,1.64,2.99,34.952,6.688439513242662
bluff,76,AU,76,-23.58,149.07,15.64,4.0,60.152,8.94774516821761
jamame,100,SO,77,0.07,42.75,25.34,2.77,77.612,6.196313528990694
yanam,91,IN,80,16.73,82.22,29.54,1.25,85.172,2.796170365068003
north bend,90,US,82,43.41,-124.22,18.33,11.3,64.994,25.277380100214742
ushuaia,40,AR,80,-54.81,-68.31,2.0,7.7,35.6,17.224409448818896
geraldton,75,CA,70,49.72,-86.95,9.0,4.1,48.2,9.171438797423049
pavino,0,RU,93,55.02,82.61,6.0,1.96,42.8,4.384395132426628
vaini,38,IN,81,15.34,74.49,25.74,0.78,78.332,1.7448103078024337
biak,90,ID,95,-0.91,122.88,20.54,1.46,68.972,3.265926986399427
upernavik,0,GL,90,72.79,-56.15,-0.16,4.21,31.712,9.417501789549034
qaanaaq,100,GL,91,77.48,-69.36,-2.76,3.2,27.032,7.158196134574088
punta arenas,90,CL,86,-53.16,-70.91,5.0,9.8,41.0,21.921975662133143
esperance,20,TT,69,10.24,-61.45,28.0,3.1,82.4,6.934502505368647
oyama,75,JP,73,36.31,139.8,24.44,2.1,75.992,4.6975662133142455
katsuura,75,JP,77,33.93,134.5,21.11,1.0,69.998,2.2369362920544025
khandyga,99,RU,41,62.65,135.58,18.44,0.55,65.19200000000001,1.2303149606299213
tura,2,IN,80,25.52,90.21,24.94,2.07,76.892,4.630458124552612
bredasdorp,62,ZA,93,-34.53,20.04,12.0,2.6,53.6,5.8160343593414465
leshukonskoye,19,RU,62,64.9,45.76,7.64,3.21,45.751999999999995,7.180565497494632
ixtlahuacan del rio,75,MX,22,20.87,-103.25,30.0,5.7,86.0,12.750536864710094
toktogul,56,KG,80,41.87,72.95,8.64,0.3,47.552,0.6710808876163208
saskylakh,0,RU,63,71.97,114.09,6.84,3.75,44.312,8.38851109520401
ryde,57,GB,82,50.73,-1.16,18.0,1.0,64.4,2.2369362920544025
buala,99,SB,80,-8.15,159.59,28.14,8.18,82.652,18.298138869005008
kodiak,1,US,14,39.95,-94.76,29.0,5.7,84.2,12.750536864710094
manta,6,RO,85,45.1,24.1,12.24,2.38,54.032,5.323908375089477
cuamba,5,MZ,97,-14.8,36.54,14.74,2.4,58.532,5.368647100930566
morondava,0,MG,73,-20.3,44.28,24.44,3.39,75.992,7.583214030064424
barra,0,GM,88,13.49,-16.54,22.0,5.1,71.6,11.408375089477449
avarua,1,CK,74,-21.21,-159.78,27.0,7.7,80.6,17.224409448818896
souillac,0,FR,60,45.6,-0.6,21.11,1.5,69.998,3.3554044380816035
port alfred,18,ZA,89,-33.59,26.89,16.11,0.89,60.998000000000005,1.990873299928418
slave lake,75,CA,38,55.28,-114.77,25.0,5.1,77.0,11.408375089477449
ponta do sol,1,BR,89,-20.63,-46.0,17.64,0.66,63.751999999999995,1.4763779527559058
norman wells,90,CA,71,65.28,-126.83,11.0,3.5,51.8,7.829277022190406
mataura,38,NZ,90,-46.19,168.86,8.89,1.34,48.002,2.9974946313528985
saldanha,15,PT,41,41.42,-6.55,18.24,1.45,64.832,3.243557623478883
port elizabeth,1,US,69,39.31,-74.98,27.0,2.1,80.6,4.6975662133142455
khatanga,93,RU,81,71.98,102.47,5.44,3.19,41.792,7.135826771653543
rikitea,100,PF,79,-23.12,-134.97,23.24,10.46,73.832,23.398353614889047
chilchotla,100,MX,78,19.25,-97.18,15.94,3.85,60.692,8.612204724409448
georgetown,75,GY,78,6.8,-58.16,28.0,4.1,82.4,9.171438797423049
borogontsy,35,RU,47,62.67,131.17,15.54,2.85,59.971999999999994,6.375268432355047
awjilah,89,LY,31,29.14,21.3,29.14,4.18,84.452,9.3503937007874
ampanihy,0,MG,80,-24.69,44.75,19.34,6.33,66.812,14.159806728704366
pervomayskoye,68,RU,77,57.07,86.23,6.34,1.82,43.412,4.071224051539011
adana,0,TR,88,37.0,35.33,23.0,1.5,73.4,3.3554044380816035
tabou,100,CI,98,4.42,-7.36,23.14,0.55,73.652,1.2303149606299213
gat,20,SN,88,14.69,-16.54,21.0,7.7,69.8,17.224409448818896
san matias,75,HN,73,13.97,-86.63,25.0,5.1,77.0,11.408375089477449
carnarvon,42,ZA,50,-30.97,22.13,10.44,1.31,50.792,2.9303865425912665
khani,0,GE,93,41.96,42.96,17.0,1.5,62.6,3.3554044380816035
coihaique,75,CL,93,-45.58,-72.07,3.0,1.4,37.4,3.131710808876163
talnakh,90,RU,92,69.49,88.39,-1.0,5.0,30.2,11.184681460272012
camacha,20,PT,100,33.08,-16.33,27.0,5.7,80.6,12.750536864710094
provideniya,26,RU,62,64.42,-173.23,8.14,2.44,46.652,5.458124552612742
arraial do cabo,5,BR,88,-22.97,-42.02,23.64,0.19,74.55199999999999,0.4250178954903365
san patricio,98,PY,95,-26.98,-56.83,16.94,3.01,62.492000000000004,6.733178239083751
kayerkan,90,RU,92,69.35,87.76,-1.0,5.0,30.2,11.184681460272012
baghdad,0,IQ,28,33.3,44.38,27.0,3.1,80.6,6.934502505368647
guerrero negro,3,MX,78,27.97,-114.04,18.54,5.36,65.372,11.989978525411594
hobart,75,AU,75,-42.88,147.33,8.33,3.6,46.994,8.05297065139585
ilulissat,20,GL,59,69.22,-51.1,4.0,1.5,39.2,3.3554044380816035
saint george,40,GR,67,39.45,22.34,16.0,2.09,60.8,4.6751968503937
miles city,1,US,31,46.41,-105.84,23.33,4.1,73.994,9.171438797423049
makakilo city,75,US,48,21.35,-158.09,32.0,2.6,89.6,5.8160343593414465
bethel,75,US,87,60.79,-161.76,14.0,5.7,57.2,12.750536864710094
barrow,8,AR,54,-38.31,-60.23,11.44,4.46,52.592,9.976735862562634
dedougou,100,BF,56,12.47,-3.47,31.14,6.15,88.05199999999999,13.757158196134574
abu dhabi,0,AE,66,24.47,54.37,30.0,0.5,86.0,1.1184681460272012
karratha,0,AU,14,-20.74,116.85,18.34,10.25,65.012,22.928596993557626
castro,90,CL,93,-42.48,-73.76,11.0,8.7,51.8,19.461345740873295
cape town,40,ZA,100,-33.93,18.42,15.0,4.1,59.0,9.171438797423049
kikwit,100,CD,69,-5.04,18.82,23.44,1.02,74.19200000000001,2.2816750178954903
sarh,20,TD,70,9.14,18.39,29.0,2.56,84.2,5.726556907659269
yellowknife,90,CA,50,62.45,-114.38,11.0,7.7,51.8,17.224409448818896
yulara,90,AU,75,-25.24,130.99,8.0,4.6,46.4,10.28990694345025
poso,85,ID,92,-1.4,120.75,19.34,1.59,66.812,3.5567287043665
russell,0,AR,81,-33.01,-68.8,10.0,1.0,50.0,2.2369362920544025
hami,1,CN,16,42.84,93.51,23.74,6.49,74.732,14.51771653543307
kapaa,20,US,69,22.08,-159.32,29.0,6.2,84.2,13.869005010737293
tiznit,100,MA,49,29.7,-9.73,25.24,4.44,77.432,9.931997136721547
jamestown,34,AU,76,-33.21,138.6,11.54,2.16,52.772,4.8317823908375095
chancay,90,PE,82,-11.56,-77.27,18.0,4.1,64.4,9.171438797423049
cidreira,100,BR,81,-30.17,-50.22,17.74,4.81,63.932,10.759663564781674
najran,40,SA,53,17.54,44.22,24.0,4.1,75.2,9.171438797423049
bathsheba,20,BB,74,13.22,-59.52,28.0,5.1,82.4,11.408375089477449
sitka,53,US,60,37.17,-99.65,27.22,3.52,80.996,7.874015748031496
abu samrah,100,SY,34,35.3,37.18,26.44,3.39,79.592,7.583214030064424
bosaso,63,SO,70,11.28,49.18,31.04,5.15,87.872,11.52022190408017
ust-nera,68,RU,46,64.57,143.24,14.24,3.08,57.632,6.889763779527558
atuona,9,PF,76,-9.8,-139.03,27.74,5.04,81.932,11.274158911954187
longyearbyen,0,NO,69,78.22,15.63,1.0,2.1,33.8,4.6975662133142455
socorro,48,PH,78,13.06,121.41,30.56,0.89,87.008,1.990873299928418
hualmay,100,PE,93,-11.1,-77.61,16.94,8.89,62.492000000000004,19.886363636363637
iqaluit,5,CA,74,63.75,-68.52,3.0,1.5,37.4,3.3554044380816035
mandiana,87,GN,71,10.62,-8.7,26.24,4.25,79.232,9.506979241231209
naze,100,NG,96,5.43,7.07,23.44,2.31,74.19200000000001,5.167322834645669
bayir,0,TR,72,37.27,28.22,20.0,1.0,68.0,2.2369362920544025
manjacaze,1,MZ,93,-24.71,33.88,17.14,0.59,62.852,1.3197924123120974
tuatapere,38,NZ,90,-46.13,167.69,8.89,1.34,48.002,2.9974946313528985
hilo,75,US,65,19.71,-155.08,27.0,3.6,80.6,8.05297065139585
ancud,90,CL,93,-41.87,-73.83,11.0,8.7,51.8,19.461345740873295
torbay,90,CA,100,47.66,-52.73,5.0,1.5,41.0,3.3554044380816035
shahpur,59,IN,33,22.19,77.91,34.54,4.32,94.172,9.663564781675019
salta,0,AR,82,-24.79,-65.41,13.0,3.1,55.4,6.934502505368647
praia da vitoria,75,PT,83,38.73,-27.07,22.0,6.34,71.6,14.182176091624909
port hardy,40,CA,51,50.7,-127.42,15.0,9.3,59.0,20.80350751610594
nikolskoye,0,RU,54,59.7,30.79,15.0,2.0,59.0,4.473872584108805
dunmore east,100,IE,94,52.15,-6.99,13.89,2.24,57.002,5.010737294201862
westport,100,IE,93,53.8,-9.52,14.44,0.45,57.992000000000004,1.0066213314244812
mariental,39,DE,88,52.28,10.99,17.22,2.14,62.995999999999995,4.78704366499642
mar del plata,100,AR,87,-46.43,-67.52,6.84,2.79,44.312,6.241052254831782
bam,0,IR,43,29.11,58.36,20.04,2.68,68.072,5.994989262705797
victoria,75,BN,88,5.28,115.24,28.0,0.5,82.4,1.1184681460272012
brokopondo,40,SR,83,5.06,-54.98,27.0,3.6,80.6,8.05297065139585
east london,0,ZA,50,-33.02,27.91,15.04,2.05,59.071999999999996,4.585719398711524
chunskiy,44,RU,55,56.08,99.63,7.24,2.65,45.032,5.927881173944166
lock haven,75,US,53,41.14,-77.45,26.0,5.1,78.8,11.408375089477449
cananea,1,MX,12,30.98,-110.3,31.0,7.2,87.8,16.1059413027917
airai,60,TL,66,-8.93,125.41,26.54,4.4,79.77199999999999,9.84251968503937
mitchell,1,US,43,43.71,-98.03,21.0,5.1,69.8,11.408375089477449
kokopo,57,PG,63,-4.34,152.27,29.24,3.45,84.63199999999999,7.717430207587688
kruisfontein,79,ZA,93,-34.0,24.73,13.14,2.48,55.652,5.547602004294917
kuroiso,75,JP,72,36.97,140.05,19.0,1.5,66.2,3.3554044380816035
newtownards,97,GB,93,54.59,-5.69,13.0,3.1,55.4,6.934502505368647
lannion,0,FR,72,48.73,-3.46,18.33,1.5,64.994,3.3554044380816035
lorengau,97,PG,86,-2.02,147.27,27.64,3.81,81.752,8.522727272727273
torbat-e jam,22,IR,52,35.24,60.63,16.94,4.85,62.492000000000004,10.84914101646385
harper,75,US,49,30.3,-99.24,32.0,5.1,89.6,11.408375089477449
seddon,35,NZ,60,-41.67,174.07,12.78,0.45,55.004,1.0066213314244812
mahebourg,75,MU,94,-20.41,57.7,23.0,4.28,73.4,9.57408732999284
kalnciems,0,LV,76,56.8,23.61,14.0,3.6,57.2,8.05297065139585
sisimiut,33,GL,82,66.94,-53.67,2.54,5.89,36.572,13.17555476020043
ranong,40,TH,100,9.96,98.62,25.0,1.41,77.0,3.154080171796707
lebu,91,ET,80,8.96,38.73,14.94,1.84,58.892,4.1159627773800995
fairbanks,90,US,82,64.84,-147.72,13.0,3.6,55.4,8.05297065139585
chalus,0,IR,52,36.66,51.42,21.0,2.1,69.8,4.6975662133142455
pozo colorado,41,PY,88,-23.49,-58.8,15.74,1.8,60.332,4.026485325697925
svobodnyy,0,RU,90,53.85,40.53,12.14,2.37,53.852000000000004,5.301539012168934
pangnirtung,86,CA,46,66.15,-65.72,7.94,1.96,46.292,4.384395132426628
lokosovo,0,RU,65,61.13,74.84,6.74,1.67,44.132000000000005,3.735683607730852
haines junction,63,CA,26,60.75,-137.51,13.34,3.88,56.012,8.67931281317108
saint-philippe,90,CA,55,45.36,-73.48,18.89,3.6,66.002,8.05297065139585
nkoteng,88,CM,99,4.5,12.12,20.74,1.83,69.332,4.093593414459557
grand gaube,75,MU,94,-20.01,57.66,23.0,5.38,73.4,12.034717251252683
dikson,100,RU,94,73.51,80.55,-0.16,4.89,31.712,10.938618468146025
humberto de campos,84,BR,89,-2.6,-43.46,25.64,3.22,78.152,7.202934860415175
thul,0,PK,55,28.24,68.77,31.0,4.1,87.8,9.171438797423049
kaitangata,61,NZ,78,-46.28,169.85,7.78,2.68,46.004,5.994989262705797
mizan teferi,95,ET,92,6.99,35.58,16.24,1.5,61.232,3.3554044380816035
bud,100,NO,87,62.91,6.91,8.0,2.1,46.4,4.6975662133142455
prescott,1,US,13,34.54,-112.47,27.22,6.7,80.996,14.987473156764496
sao miguel do araguaia,1,BR,48,-13.28,-50.16,25.24,1.64,77.432,3.6685755189692193
oum hadjer,21,TD,28,13.3,19.7,34.24,3.61,93.632,8.075340014316392
kabala,88,SL,93,9.59,-11.55,24.74,2.37,76.532,5.301539012168934
orsha,7,BY,91,54.51,30.43,12.64,1.45,54.752,3.243557623478883
vestmanna,93,FO,81,62.16,-7.17,7.0,4.6,44.6,10.28990694345025
pisco,40,PE,30,-13.71,-76.2,22.0,3.1,71.6,6.934502505368647
san joaquin,89,PH,68,10.59,122.14,30.14,3.81,86.252,8.522727272727273
little current,20,CA,58,45.98,-81.93,15.0,2.1,59.0,4.6975662133142455
beira,75,ES,100,43.2,-8.36,18.89,2.72,66.002,6.084466714387974
umm lajj,45,SA,60,25.02,37.27,30.94,4.5,87.69200000000001,10.06621331424481
chinsali,14,ZM,55,-10.55,32.07,13.34,3.42,56.012,7.650322118826056
vanimo,100,PG,73,-2.67,141.3,29.04,5.54,84.272,12.392627057981388
bembereke,98,BJ,79,10.23,2.66,25.24,1.74,77.432,3.89226914817466
altrincham,87,GB,72,53.38,-2.35,18.33,1.0,64.994,2.2369362920544025
puerto del rosario,0,ES,83,28.5,-13.86,23.0,3.6,73.4,8.05297065139585
nanortalik,5,GL,86,60.14,-45.24,2.04,1.69,35.672,3.78042233357194
puerto leguizamo,80,CO,74,-0.19,-74.78,26.24,0.89,79.232,1.990873299928418
zhigansk,55,RU,53,66.77,123.37,15.94,3.1,60.692,6.934502505368647
la palma,100,CO,94,5.36,-74.39,21.14,1.12,70.05199999999999,2.505368647100931
saint-michel-des-saints,96,CA,5,46.68,-73.92,17.78,0.45,64.004,1.0066213314244812
emmett,1,US,34,43.87,-116.5,29.0,3.1,84.2,6.934502505368647
ayan,100,TR,84,40.67,33.6,13.14,1.06,55.652,2.371152469577666
codrington,40,AU,77,-28.95,153.24,18.0,2.6,64.4,5.8160343593414465
doha,0,QA,36,25.29,51.53,34.0,1.0,93.2,2.2369362920544025
kavaratti,94,IN,65,10.57,72.64,29.94,1.08,85.89200000000001,2.4158911954187547
ostrovnoy,57,RU,66,68.05,39.51,6.14,7.89,43.052,17.64942734430923
mount isa,0,AU,41,-20.73,139.49,14.0,6.7,57.2,14.987473156764496
mutis,86,CO,78,6.23,-77.4,27.24,3.75,81.032,8.38851109520401
chuy,11,UY,71,-33.69,-53.46,15.84,3.69,60.512,8.254294917680744
palmer,75,AU,93,-34.85,139.16,13.33,3.76,55.994,8.410880458124552
kalmunai,100,LK,75,7.42,81.82,24.54,0.78,76.172,1.7448103078024337
lohmar,0,DE,82,50.84,7.21,20.56,1.5,69.008,3.3554044380816035
ilorin,100,NG,81,8.5,4.55,25.04,4.04,77.072,9.037222619899785
bara,97,NG,52,10.41,10.6,29.14,2.88,84.452,6.442376521116678
maldonado,75,UY,82,-34.91,-54.96,13.0,1.0,55.4,2.2369362920544025
farafangana,30,MG,97,-22.82,47.83,17.64,2.41,63.751999999999995,5.391016463851109
dingle,74,PH,62,11.0,122.67,30.44,4.88,86.792,10.916249105225484
luderitz,0,NA,100,-26.65,15.16,9.0,1.0,48.2,2.2369362920544025
aripuana,34,BR,75,-9.17,-60.63,25.24,0.36,77.432,0.8052970651395848
baijiantan,1,CN,32,45.63,85.18,21.14,3.45,70.05199999999999,7.717430207587688
kahului,40,US,58,20.89,-156.47,28.0,5.7,82.4,12.750536864710094
jacareacanga,100,BR,89,-6.22,-57.76,24.24,0.78,75.632,1.7448103078024337
tabuk,94,PH,84,17.41,121.44,23.94,0.3,75.092,0.6710808876163208
jumla,0,NP,50,29.28,82.18,7.14,2.45,44.852,5.480493915533286
narsaq,7,GL,56,60.91,-46.05,6.0,5.1,42.8,11.408375089477449
guarapari,0,BR,88,-20.67,-40.5,26.11,1.5,78.998,3.3554044380816035
nuuk,90,GL,78,64.17,-51.74,2.0,3.6,35.6,8.05297065139585
tarancon,0,ES,28,40.01,-3.01,26.11,1.0,78.998,2.2369362920544025
nago,0,IT,68,45.88,10.89,19.44,1.0,66.992,2.2369362920544025
necochea,12,AR,87,-38.55,-58.74,10.56,2.68,51.008,5.994989262705797
arman,93,RU,76,59.7,150.17,8.44,2.41,47.192,5.391016463851109
pevek,0,RU,81,69.7,170.27,1.94,6.15,35.492,13.757158196134574
lakitelek,0,HU,87,46.87,20.0,17.22,1.0,62.995999999999995,2.2369362920544025
changji,34,CN,63,32.07,116.17,25.54,2.29,77.972,5.12258410880458
ugoofaaru,100,MV,73,5.67,73.0,29.44,4.77,84.992,10.670186113099497
saint-pierre,0,FR,72,48.95,4.24,20.0,3.1,68.0,6.934502505368647
neuquen,0,AR,47,-38.95,-68.06,14.0,6.2,57.2,13.869005010737293
tasiilaq,2,GL,78,65.61,-37.64,0.0,4.1,32.0,9.171438797423049
waingapu,46,ID,76,-9.65,120.26,25.34,6.55,77.612,14.651932712956334
felanitx,0,ES,77,39.47,3.15,17.78,0.5,64.004,1.1184681460272012
tifton,1,US,21,31.45,-83.51,36.0,3.1,96.8,6.934502505368647
pajapan,90,MX,88,18.26,-94.69,26.0,5.1,78.8,11.408375089477449
vyskov,0,CZ,87,49.28,17.0,17.0,0.5,62.6,1.1184681460272012
ixtapa,75,MX,74,20.71,-105.21,27.0,5.1,80.6,11.408375089477449
aykhal,0,RU,24,65.95,111.51,15.0,3.0,59.0,6.710808876163207
ust-maya,96,RU,53,60.42,134.54,15.04,3.56,59.071999999999996,7.963493199713672
kholtoson,51,RU,49,50.3,103.31,9.34,1.06,48.812,2.371152469577666
morgan city,1,US,55,29.7,-91.21,32.78,3.6,91.00399999999999,8.05297065139585
cayenne,51,GF,94,4.94,-52.33,24.0,1.0,75.2,2.2369362920544025
vallenar,0,CL,61,-28.58,-70.76,14.64,0.8,58.352,1.789549033643522
kibala,20,TD,70,9.11,18.35,29.0,2.56,84.2,5.726556907659269
katobu,64,ID,88,-4.94,122.53,26.64,1.5,79.952,3.3554044380816035
ambon,0,FR,93,47.55,-2.56,17.22,3.39,62.995999999999995,7.583214030064424
beloha,0,MG,83,-25.17,45.06,18.74,5.85,65.732,13.086077308518252
hamilton,90,CA,100,43.26,-79.87,18.0,3.6,64.4,8.05297065139585
remanso,55,BR,53,-9.62,-42.08,26.24,0.48,79.232,1.073729420186113
amberg,1,DE,93,49.45,11.86,16.11,0.8,60.998000000000005,1.789549033643522
shitanjing,0,CN,15,39.23,106.34,25.0,0.89,77.0,1.990873299928418
misratah,5,LY,79,32.38,15.09,19.54,4.24,67.172,9.484609878310664
keti bandar,0,PK,88,24.14,67.45,29.24,6.92,84.63199999999999,15.479599141016465
oleksandrivka,100,UA,95,48.97,32.24,18.04,3.08,64.472,6.889763779527558
kulhudhuffushi,98,MV,76,6.62,73.07,29.44,5.74,84.992,12.840014316392269
hudson bay,0,CA,24,52.86,-102.4,16.64,2.97,61.952,6.643700787401575
hasaki,0,JP,83,35.73,140.83,22.78,1.0,73.004,2.2369362920544025
lagoa,0,PT,40,37.14,-8.45,22.0,3.1,71.6,6.934502505368647
bom jesus da lapa,33,BR,40,-13.25,-43.41,27.74,1.34,81.932,2.9974946313528985
walvis bay,0,NA,100,-22.95,14.51,11.11,1.0,51.998,2.2369362920544025
caravelas,0,BR,86,-17.73,-39.27,24.94,2.86,76.892,6.39763779527559
lufilufi,20,WS,66,-13.87,-171.6,31.0,2.1,87.8,4.6975662133142455
umea,0,SE,93,63.83,20.26,6.11,1.5,42.998000000000005,3.3554044380816035
porto novo,0,BR,82,-23.68,-45.44,20.0,0.5,68.0,1.1184681460272012
merritt,1,CA,30,50.11,-120.79,29.0,9.3,84.2,20.80350751610594
mayumba,30,GA,84,-3.44,10.65,24.44,5.15,75.992,11.52022190408017
belmonte,17,PT,77,40.36,-7.35,12.78,0.95,55.004,2.125089477451682
nome,75,US,49,30.04,-94.42,33.89,1.5,93.002,3.3554044380816035
cherskiy,86,RU,44,68.75,161.3,11.64,7.12,52.952,15.926986399427344
ciudad bolivar,90,VE,56,8.12,-63.55,30.34,3.05,86.612,6.822655690765927
margate,75,AU,75,-43.03,147.26,11.11,3.6,51.998,8.05297065139585
tagusao,76,PH,71,9.19,117.81,29.24,0.95,84.63199999999999,2.125089477451682
tocopilla,0,CL,86,-22.09,-70.2,17.94,8.64,64.292,19.327129563350038
kichera,97,RU,82,55.93,110.1,5.94,1.96,42.692,4.384395132426628
marsh harbour,0,BS,78,26.54,-77.06,27.14,0.94,80.852,2.102720114531138
shenjiamen,87,CN,82,29.96,122.3,19.84,1.0,67.712,2.2369362920544025
le port,0,FR,67,42.87,1.37,17.78,2.47,64.004,5.525232641374374
port lincoln,90,AU,65,-34.72,135.86,15.84,5.91,60.512,13.220293486041518
kathu,0,ZA,66,-27.7,23.05,8.33,2.14,46.994,4.78704366499642
petropavlovsk-kamchatskiy,75,RU,81,53.05,158.65,9.0,1.0,48.2,2.2369362920544025
neyshabur,2,IR,62,36.21,58.79,12.84,2.51,55.112,5.614710093056548
sosnovo-ozerskoye,100,RU,72,52.53,111.54,10.54,4.25,50.971999999999994,9.506979241231209
grindavik,40,IS,65,63.84,-22.43,7.0,2.1,44.6,4.6975662133142455
huangpi,40,CN,94,30.88,114.37,23.0,1.0,73.4,2.2369362920544025
aasiaat,90,GL,76,68.71,-52.87,3.44,3.1,38.192,6.934502505368647
leningradskiy,6,RU,92,69.38,178.42,0.24,4.52,32.432,10.110952040085897
zhoucheng,97,CN,83,31.35,119.33,21.0,1.0,69.8,2.2369362920544025
port hedland,0,AU,22,-20.31,118.58,15.0,5.7,59.0,12.750536864710094
manga,100,BF,64,11.67,-1.07,28.24,2.65,82.832,5.927881173944166
sukhovolya,0,UA,100,49.82,23.84,14.0,1.0,57.2,2.2369362920544025
siocon,75,PH,78,11.03,124.04,29.14,3.04,84.452,6.800286327845384
samur,88,RU,52,41.83,48.49,18.94,2.92,66.092,6.531853972798854
saint anthony,1,US,33,43.97,-111.68,23.0,4.1,73.4,9.171438797423049
soeng sang,20,TH,88,14.43,102.46,30.0,2.15,86.0,4.809413027916964
horta,0,ES,93,41.43,2.16,19.44,4.1,66.992,9.171438797423049
nanning,0,CN,94,22.83,108.3,22.0,1.0,71.6,2.2369362920544025
khandagayty,99,MN,74,50.73,92.07,8.14,2.81,46.652,6.2857909806728705
comapa,100,MX,88,19.16,-96.89,20.04,1.26,68.072,2.8185397279885467
luganville,75,VU,61,-15.51,167.18,27.0,3.6,80.6,8.05297065139585
flinders,2,AU,66,-34.58,150.85,18.89,3.6,66.002,8.05297065139585
port keats,60,AU,34,-14.25,129.55,21.44,9.77,70.592,21.854867573371507
alofi,26,NU,65,-19.06,-169.92,27.0,2.1,80.6,4.6975662133142455
katangli,100,RU,86,51.71,143.23,9.64,3.24,49.352000000000004,7.247673586256264
hofn,96,IS,79,64.25,-15.21,-2.96,3.47,26.672,7.762168933428776
clyde river,1,CA,86,70.47,-68.59,3.0,1.5,37.4,3.3554044380816035
dakar,40,SN,88,14.69,-17.45,22.0,4.1,71.6,9.171438797423049
los llanos de aridane,0,ES,88,28.66,-17.92,20.0,4.6,68.0,10.28990694345025
narrabri,87,AU,76,-30.33,149.78,14.44,4.6,57.992000000000004,10.28990694345025
kawhia,2,NZ,68,-38.07,174.82,13.89,3.58,57.002,8.00823192555476
san borja,47,BO,92,-14.86,-66.75,22.84,1.59,73.112,3.5567287043665
murgab,75,TM,56,37.5,61.97,22.0,3.1,71.6,6.934502505368647
lavrentiya,2,RU,53,65.58,-170.99,11.04,1.48,51.872,3.310665712240515
bonthe,84,SL,80,7.53,-12.5,26.94,2.24,80.492,5.010737294201862
kirakira,96,SB,77,-10.46,161.92,28.34,4.99,83.012,11.162312097351467
fortuna,0,ES,48,38.18,-1.13,20.0,1.0,68.0,2.2369362920544025
matsusaka,75,JP,68,34.59,136.54,22.78,1.0,73.004,2.2369362920544025
paslek,0,PL,88,54.06,19.66,15.0,1.1,59.0,2.4606299212598426
dustlik,0,UZ,46,40.53,68.03,22.24,1.83,72.032,4.093593414459557
la asuncion,95,EC,99,-1.64,-78.74,8.64,0.88,47.552,1.968503937007874
salalah,20,OM,79,17.01,54.1,29.0,1.5,84.2,3.3554044380816035
senanga,0,ZM,40,-16.1,23.3,13.64,1.71,56.552,3.825161059413028
ahipara,81,NZ,100,-35.17,173.16,12.22,10.1,53.996,22.593056549749463
pishva,0,IR,32,35.31,51.73,22.0,5.1,71.6,11.408375089477449
naron,75,ES,100,43.52,-8.15,18.89,2.72,66.002,6.084466714387974
quelimane,40,MZ,88,-17.88,36.89,20.0,5.7,68.0,12.750536864710094
guebwiller,0,FR,60,47.91,7.21,20.56,3.1,69.008,6.934502505368647
vila velha,20,BR,78,-3.71,-38.6,30.0,3.1,86.0,6.934502505368647
bhadasar,0,IN,8,28.3,74.31,35.64,4.12,96.152,9.216177523264138
leon valley,40,US,43,29.5,-98.62,33.89,3.1,93.002,6.934502505368647
colinas,67,BR,79,-6.03,-44.25,23.44,1.28,74.19200000000001,2.8632784538296345
kashan,15,IR,33,33.99,51.44,22.0,2.1,71.6,4.6975662133142455
karasjok,75,NO,80,69.47,25.52,4.0,11.8,39.2,26.395848246241947
acapulco,75,MX,74,16.86,-99.88,30.0,2.6,86.0,5.8160343593414465
goundam,100,ML,10,16.42,-3.66,34.84,4.91,94.71200000000002,10.983357193987114
byron bay,40,AU,88,-28.65,153.62,19.0,5.1,66.2,11.408375089477449
betsiamites,90,CA,50,48.94,-68.65,14.0,1.0,57.2,2.2369362920544025
fuji,75,JP,73,35.16,138.67,26.11,2.6,78.998,5.8160343593414465
suratgarh,0,IN,13,29.32,73.9,34.74,1.69,94.53200000000001,3.78042233357194
vilyuysk,86,RU,47,63.75,121.63,14.84,2.44,58.712,5.458124552612742
melendugno,5,IT,100,40.27,18.34,16.0,4.09,60.8,9.149069434502504
leopoldina,0,BR,83,-21.53,-42.64,23.89,0.45,75.002,1.0066213314244812
nouadhibou,0,MR,88,20.93,-17.03,18.0,5.7,64.4,12.750536864710094
lodja,88,CD,92,-3.52,23.6,21.04,0.19,69.872,0.4250178954903365
ozinki,62,RU,80,51.2,49.73,19.84,3.86,67.712,8.634574087329993
kaura namoda,100,NG,47,12.59,6.58,31.24,4.87,88.232,10.89387974230494
bambari,100,CF,78,5.77,20.68,24.14,1.65,75.452,3.690944881889763
birao,25,CF,44,10.3,22.78,29.34,3.37,84.812,7.538475304223335
vao,88,EE,88,59.1,26.19,11.64,5.12,52.952,11.453113815318538
nevel,96,RU,94,56.02,29.92,11.74,2.26,53.132,5.055476020042948
pangoa,0,PE,72,-12.12,-73.0,23.64,0.45,74.55199999999999,1.0066213314244812
the valley,40,AI,83,18.22,-63.06,26.0,5.1,78.8,11.408375089477449
abadan,0,IR,37,30.36,48.26,29.0,3.1,84.2,6.934502505368647
mugur-aksy,88,RU,89,50.38,90.44,1.94,4.5,35.492,10.06621331424481
joshimath,1,IN,33,30.57,79.57,10.34,3.19,50.612,7.135826771653543
avera,40,US,33,33.19,-82.53,33.0,3.1,91.4,6.934502505368647
xining,53,CN,58,36.62,101.77,8.34,1.73,47.012,3.869899785254116
mitsamiouli,63,KM,71,-11.38,43.28,26.44,8.09,79.592,18.096814602720116
almaty,90,KZ,52,43.24,76.95,21.0,4.0,69.8,8.94774516821761
luau,64,CD,50,-10.7,22.23,15.44,1.65,59.792,3.690944881889763
launceston,90,AU,93,-41.43,147.14,7.22,2.1,44.996,4.6975662133142455
tongchuan,0,CN,46,34.9,108.95,23.0,4.0,73.4,8.94774516821761
sao joao da barra,40,BR,83,-21.64,-41.05,25.0,3.1,77.0,6.934502505368647
northam,20,GB,93,51.04,-4.21,16.67,3.1,62.00600000000001,6.934502505368647
richards bay,0,ZA,84,-28.77,32.06,19.74,2.97,67.532,6.643700787401575
thompson,75,CA,49,55.74,-97.86,9.0,5.1,48.2,11.408375089477449
ludwigsfelde,0,DE,72,52.3,13.26,19.44,1.0,66.992,2.2369362920544025
isangel,75,VU,69,-19.55,169.27,25.0,3.6,77.0,8.05297065139585
kieta,91,PG,75,-6.22,155.63,29.14,6.4,84.452,14.316392269148176
meulaboh,99,ID,79,4.14,96.13,26.84,2.74,80.312,6.129205440229063
jizan,36,SA,75,16.89,42.56,32.0,3.1,89.6,6.934502505368647
livingstonia,34,MW,85,-10.61,34.11,10.84,1.56,51.512,3.4896206156048675
ust-ilimsk,33,RU,61,57.96,102.73,6.54,1.52,43.772,3.400143163922692
aransas pass,90,US,70,27.91,-97.15,32.0,4.6,89.6,10.28990694345025
padang,40,ID,94,-0.92,100.36,24.0,2.1,75.2,4.6975662133142455
kingman,1,US,9,35.19,-114.05,35.0,6.2,95.0,13.869005010737293
villeneuve-sur-lot,0,FR,67,44.41,0.7,21.11,2.6,69.998,5.8160343593414465
kropotkin,0,RU,83,45.43,40.58,20.34,2.46,68.612,5.502863278453829
vardo,1,US,44,39.62,-77.74,28.33,3.6,82.994,8.05297065139585
san policarpo,62,PH,77,12.18,125.51,29.64,4.52,85.352,10.110952040085897
oistins,20,BB,74,13.07,-59.53,28.0,5.1,82.4,11.408375089477449
cerro de pasco,2,PE,82,-10.67,-76.25,4.64,1.91,40.352000000000004,4.272548317823908
cap malheureux,75,MU,94,-19.98,57.61,23.0,5.38,73.4,12.034717251252683
kavieng,33,PG,74,-2.57,150.8,29.44,5.65,84.992,12.638690050107371
tebingtinggi,100,ID,92,3.33,99.16,24.34,1.12,75.812,2.505368647100931
jagatsinghapur,40,IN,94,20.27,86.17,29.0,3.1,84.2,6.934502505368647
alexandria,1,US,38,31.31,-92.44,33.33,3.6,91.994,8.05297065139585
celestun,96,MX,81,20.87,-90.4,28.04,9.09,82.472,20.333750894774514
omboue,25,GA,81,-1.57,9.26,25.34,5.84,77.612,13.063707945597708
manokwari,58,ID,64,-0.87,134.08,27.04,2.08,80.672,4.652827487473156
esso,100,RU,72,55.93,158.7,8.44,1.0,47.192,2.2369362920544025
zabaykalsk,75,CN,38,49.64,117.33,14.94,1.35,58.892,3.0198639942734435
chokurdakh,100,RU,82,70.62,147.9,2.14,5.65,35.852000000000004,12.638690050107371
lompoc,90,US,68,34.64,-120.46,20.0,5.7,68.0,12.750536864710094
gurun,75,MY,94,5.82,100.48,25.0,2.1,77.0,4.6975662133142455
taoudenni,0,ML,13,22.68,-3.98,35.34,8.69,95.61200000000001,19.438976377952756
wanning,86,AT,87,48.64,13.53,16.11,1.5,60.998000000000005,3.3554044380816035
beringovskiy,49,RU,59,63.05,179.32,9.24,2.27,48.632,5.077845382963494
merauke,64,ID,81,-8.49,140.4,27.44,10.56,81.392,23.622047244094492
middelburg,0,ZA,18,-25.77,29.46,8.34,1.63,47.012,3.646206156048676
coahuayana,100,MX,31,18.62,-100.35,35.84,0.19,96.51200000000001,0.4250178954903365
vila,0,IT,77,45.18,8.4,21.67,3.1,71.006,6.934502505368647
puerto carreno,75,CO,94,6.19,-67.49,26.0,1.22,78.8,2.729062276306371
tromso,75,NO,87,69.65,18.96,6.0,10.8,42.8,24.15891195418755
arona,0,IT,77,45.76,8.56,21.67,3.1,71.006,6.934502505368647
tanete,100,ID,79,-3.94,119.78,27.34,7.16,81.212,16.01646385110952
tairua,54,NZ,61,-37.02,175.85,13.33,4.47,55.994,9.999105225483179
waynesville,1,US,51,37.83,-92.2,28.0,4.6,82.4,10.28990694345025
antalaha,94,MG,99,-14.9,50.28,17.94,1.37,64.292,3.0646027201145314
hailey,20,US,40,43.52,-114.32,20.0,3.1,68.0,6.934502505368647
goderich,100,CA,89,43.74,-81.71,14.44,1.87,57.992000000000004,4.183070866141732
iranshahr,0,IR,13,27.21,60.69,31.04,1.74,87.872,3.89226914817466
ventspils,18,LV,93,57.39,21.56,12.0,6.2,53.6,13.869005010737293
liwale,54,TZ,63,-9.8,37.92,15.84,2.64,60.512,5.905511811023623
novyy urengoy,88,RU,84,66.08,76.63,0.74,0.42,33.332,0.939513242662849
malvern,1,GB,82,52.12,-2.33,18.89,2.1,66.002,4.6975662133142455
cedar city,1,US,16,37.68,-113.06,24.0,8.2,75.2,18.342877594846097
luan,0,CH,87,46.36,6.98,15.0,0.5,59.0,1.1184681460272012
bambanglipuro,72,ID,82,-7.95,110.28,26.44,5.94,79.592,13.28740157480315
baculin,52,PH,58,7.45,126.58,29.44,1.19,84.992,2.6619541875447386
namatanai,78,PG,79,-3.66,152.44,27.84,5.91,82.112,13.220293486041518
ahuacatlan,20,MX,65,21.05,-104.48,31.11,5.1,87.998,11.408375089477449
ocho rios,20,JM,78,18.41,-77.1,28.0,7.7,82.4,17.224409448818896
lamu,95,ID,67,0.57,122.3,27.94,1.58,82.292,3.5343593414459553
saintes,0,FR,60,45.74,-0.63,21.0,1.5,69.8,3.3554044380816035
aden,88,YE,71,12.79,45.03,29.94,5.06,85.89200000000001,11.318897637795274
opuwo,0,NA,46,-18.06,13.84,15.74,1.1,60.332,2.4606299212598426
hambantota,100,LK,81,6.12,81.12,28.04,7.34,82.472,16.419112383679312
constitucion,90,MX,46,23.99,-104.67,23.89,2.1,75.002,4.6975662133142455
paamiut,37,GL,91,61.99,-49.67,2.54,3.88,36.572,8.67931281317108
yashan,91,CN,77,30.81,118.02,22.74,2.4,72.932,5.368647100930566
port augusta,90,AU,81,-32.49,137.76,12.0,3.1,53.6,6.934502505368647
oktyabrskiy,0,RU,81,55.61,37.97,12.78,1.0,55.004,2.2369362920544025
fare,0,PF,67,-16.7,-151.02,27.34,3.0,81.212,6.710808876163207
comodoro rivadavia,0,AR,93,-45.87,-67.48,8.0,0.5,46.4,1.1184681460272012
shaunavon,93,CA,28,49.65,-108.41,24.54,2.8,76.172,6.263421617752326
atambua,56,ID,72,-9.11,124.89,27.94,8.83,82.292,19.75214745884037
rio muerto,5,MX,51,27.42,-110.23,30.0,5.7,86.0,12.750536864710094
minot,1,US,36,48.23,-101.3,24.0,5.1,75.2,11.408375089477449
boyolangu,64,ID,88,-8.09,111.9,22.74,3.59,72.932,8.030601288475303
tahoua,93,NE,45,14.89,5.26,31.74,4.21,89.13199999999999,9.417501789549034
namibe,0,AO,79,-15.19,12.15,19.74,3.85,67.532,8.612204724409448
forio,40,IT,77,40.73,13.86,18.33,1.0,64.994,2.2369362920544025
godda,1,IN,76,24.83,87.21,28.64,4.35,83.55199999999999,9.730672870436647
guaruja,0,BR,82,-23.99,-46.26,20.0,1.0,68.0,2.2369362920544025
andros town,75,BS,83,24.73,-77.79,27.78,4.1,82.004,9.171438797423049
gao,100,ML,7,16.28,-0.04,34.64,3.66,94.352,8.187186828919113
marzuq,72,YE,34,14.4,46.47,25.94,1.33,78.69200000000001,2.975125268432355
marathon,70,CA,73,48.72,-86.38,10.44,2.85,50.792,6.375268432355047
rio brilhante,5,BR,96,-21.8,-54.54,18.84,3.1,65.912,6.934502505368647
colares,0,PT,31,38.8,-9.45,25.0,5.1,77.0,11.408375089477449
boralday,90,KZ,52,43.36,76.86,21.0,4.0,69.8,8.94774516821761
xingyi,99,CN,77,24.19,102.82,13.94,1.49,57.092,3.333035075161059
poum,50,MK,82,41.28,20.71,7.64,1.29,45.751999999999995,2.8856478167501787
ewa beach,75,US,48,21.32,-158.01,32.0,2.6,89.6,5.8160343593414465
laguna,5,MX,51,27.52,-110.01,30.0,5.7,86.0,12.750536864710094
bestobe,3,KZ,87,52.5,73.1,13.84,1.85,56.912,4.138332140300643
idrinskoye,94,RU,61,54.37,92.14,7.54,3.0,45.572,6.710808876163207
knysna,36,ZA,71,-34.04,23.05,12.0,2.1,53.6,4.6975662133142455
mecca,100,SA,20,21.43,39.83,36.34,3.15,97.412,7.046349319971368
vaitape,0,PF,68,-16.52,-151.75,27.64,3.73,81.752,8.343772369362922
lexington,1,US,64,38.05,-84.5,27.0,1.5,80.6,3.3554044380816035
zhanakorgan,98,KZ,47,43.91,67.25,22.84,2.32,73.112,5.189692197566213
skibotn,75,NO,87,69.39,20.27,6.0,10.8,42.8,24.15891195418755
port macquarie,90,AU,93,-31.43,152.91,17.78,4.1,64.004,9.171438797423049
batagay,6,RU,52,67.65,134.64,15.34,4.21,59.612,9.417501789549034
vestmannaeyjar,78,IS,74,63.44,-20.27,6.14,5.98,43.052,13.376879026485325
dunedin,91,NZ,77,-45.87,170.5,7.78,7.6,46.004,17.000715819613458
shimoda,75,JP,83,34.7,138.93,26.11,4.1,78.998,9.171438797423049
emba,20,CY,94,34.81,32.42,23.0,2.1,73.4,4.6975662133142455
talavera de la reina,45,ES,35,39.96,-4.83,21.44,0.67,70.592,1.4987473156764493
oparino,0,RU,69,59.85,48.28,6.54,2.2,43.772,4.921259842519685
cabo san lucas,5,MX,60,22.89,-109.91,29.44,9.8,84.992,21.921975662133143
bani walid,94,LY,76,31.76,14.0,16.54,3.76,61.772,8.410880458124552
saint-leu,35,RE,56,-21.15,55.28,22.78,3.6,73.004,8.05297065139585
phuket,20,TH,88,7.89,98.4,25.0,0.5,77.0,1.1184681460272012
sobolevo,0,RU,93,54.43,31.9,12.74,2.24,54.932,5.010737294201862
yarmouth,57,GB,82,50.71,-1.5,16.0,1.0,60.8,2.2369362920544025
puerto lempira,40,HN,74,15.27,-83.77,30.0,5.1,86.0,11.408375089477449
marrakesh,0,MA,24,31.63,-7.99,26.0,1.5,78.8,3.3554044380816035
shache,94,CN,63,38.42,77.24,26.67,2.81,80.006,6.2857909806728705
watsa,100,CD,97,3.04,29.53,18.74,0.84,65.732,1.879026485325698
ahuimanu,75,US,62,21.44,-157.84,32.0,6.7,89.6,14.987473156764496
augusto correa,97,BR,99,-1.02,-46.63,23.94,1.1,75.092,2.4606299212598426
nakamura,75,JP,68,35.17,136.87,24.44,1.0,75.992,2.2369362920544025
bilma,12,NE,19,18.69,12.92,32.74,3.29,90.932,7.359520400858982
brainerd,1,US,33,46.36,-94.2,21.11,3.6,69.998,8.05297065139585
bugasong,87,PH,67,11.04,122.06,30.34,2.13,86.612,4.7646743020758775
brigantine,1,US,78,39.41,-74.36,23.89,3.1,75.002,6.934502505368647
mbigou,55,GA,99,-1.9,11.91,20.34,0.36,68.612,0.8052970651395848
puerto cabezas,40,NI,89,14.04,-83.39,29.0,2.1,84.2,4.6975662133142455
havelock,90,US,94,34.88,-76.9,24.44,2.1,75.992,4.6975662133142455
monopoli,20,IT,87,40.95,17.3,16.11,2.1,60.998000000000005,4.6975662133142455
pitimbu,0,BR,88,-7.47,-34.81,25.0,1.0,77.0,2.2369362920544025
chupa,0,PE,24,-15.11,-69.99,13.0,1.5,55.4,3.3554044380816035
sao filipe,70,CV,85,14.9,-24.5,22.84,8.08,73.112,18.07444523979957
adrar,0,DZ,18,27.87,-0.29,27.0,5.7,80.6,12.750536864710094
hornepayne,85,CA,68,49.22,-84.78,10.04,2.76,50.071999999999996,6.17394416607015
grinties,20,RO,98,47.05,25.87,12.78,1.17,55.004,2.6172154617036507
mahajanga,20,MG,73,-15.72,46.32,24.0,2.1,75.2,4.6975662133142455
jinxi,60,CN,86,27.92,116.75,22.84,0.91,73.112,2.0356120257695056
deputatskiy,0,RU,67,69.3,139.9,10.24,3.0,50.432,6.710808876163207
zyryanskoye,65,RU,72,56.83,86.62,6.64,1.47,43.952,3.288296349319972
presidente medici,84,BR,93,-11.18,-61.9,23.24,0.47,73.832,1.051360057265569
erenhot,99,CN,46,43.65,111.97,16.24,10.1,61.232,22.593056549749463
zastron,0,ZA,45,-30.3,27.08,8.24,0.92,46.832,2.0579813886900498
nenton,99,GT,79,15.8,-91.75,22.34,1.48,72.212,3.310665712240515
kasamwa,15,TZ,85,-2.84,32.42,18.14,1.12,64.652,2.505368647100931
waddan,10,LY,61,29.16,16.14,22.44,4.17,72.392,9.328024337866857
south river,90,CA,100,47.54,-53.27,5.0,1.5,41.0,3.3554044380816035
la ronge,40,CA,29,55.1,-105.3,16.0,5.7,60.8,12.750536864710094
montecristo,100,CO,83,8.3,-74.47,26.04,0.42,78.872,0.939513242662849
severo-kurilsk,100,RU,92,50.68,156.12,5.04,6.64,41.072,14.853256979241232
zyryanka,54,RU,39,65.73,150.89,13.44,5.45,56.192,12.19130279169649
aljezur,0,PT,83,37.31,-8.8,21.11,0.37,69.998,0.8276664280601288
broome,92,GB,77,52.47,1.45,19.0,3.6,66.2,8.05297065139585
sao gabriel da cachoeira,84,BR,69,-0.13,-67.09,27.94,0.93,82.292,2.0803507516105944
shawnee,1,US,57,35.33,-96.93,28.33,4.1,82.994,9.171438797423049
inhambane,3,MZ,95,-23.87,35.38,16.94,1.1,62.492000000000004,2.4606299212598426
cockburn town,0,TC,78,21.46,-71.14,27.54,7.89,81.572,17.64942734430923
madera,1,US,29,36.96,-120.06,34.0,2.6,93.2,5.8160343593414465
tuktoyaktuk,20,CA,65,69.44,-133.03,7.0,6.7,44.6,14.987473156764496
parana,40,BR,83,-7.52,-72.89,28.0,1.1,82.4,2.4606299212598426
nauta,67,PE,65,-4.51,-73.58,28.14,0.31,82.652,0.6934502505368646
amapa,75,HN,66,15.09,-87.97,32.0,9.3,89.6,20.80350751610594
finnsnes,99,NO,80,69.23,17.98,6.0,11.3,42.8,25.277380100214742
mitu,12,IR,41,36.2,46.09,11.84,0.88,53.312,1.968503937007874
singkang,75,MY,94,2.1,102.8,25.0,3.6,77.0,8.05297065139585
manacor,0,ES,77,39.57,3.21,17.78,0.5,64.004,1.1184681460272012
griffith,0,AU,93,-34.29,146.06,8.0,2.6,46.4,5.8160343593414465
kinshasa,40,CD,88,-4.32,15.31,25.0,1.5,77.0,3.3554044380816035
otradnoye,0,RU,54,59.77,30.8,15.0,2.0,59.0,4.473872584108805
huittinen,90,FI,100,61.18,22.7,10.0,1.5,50.0,3.3554044380816035
purpe,3,RU,90,64.48,76.69,1.67,2.07,35.006,4.630458124552612
bintulu,75,MY,94,3.17,113.03,25.0,1.5,77.0,3.3554044380816035
carupano,100,VE,74,10.67,-63.26,26.04,1.15,78.872,2.5724767358625624
miraflores,100,CO,99,5.2,-73.14,14.04,1.02,57.272,2.2816750178954903
dalvik,36,SE,81,57.79,14.13,11.67,4.1,53.006,9.171438797423049
kaka,61,TM,43,37.35,59.62,23.94,3.13,75.092,7.0016105941302795
savannah bight,100,HN,80,16.45,-85.85,29.34,5.55,84.812,12.414996420901932
tilichiki,99,RU,65,60.47,166.1,12.04,4.87,53.672,10.89387974230494
point pedro,99,LK,82,9.82,80.23,29.34,12.39,84.812,27.715640658554044
goleta,90,US,82,34.44,-119.83,21.67,3.1,71.006,6.934502505368647
college,90,US,82,64.86,-147.8,13.0,3.6,55.4,8.05297065139585
labuan,75,BN,88,5.28,115.24,28.0,0.5,82.4,1.1184681460272012
natchitoches,1,US,52,31.76,-93.09,32.0,1.5,89.6,3.3554044380816035
pochutla,90,MX,78,15.74,-96.47,27.0,1.28,80.6,2.8632784538296345
nikolayevka,0,RU,72,46.73,38.57,21.14,2.08,70.05199999999999,4.652827487473156
orchard homes,1,US,28,46.86,-114.05,27.0,3.6,80.6,8.05297065139585
sal rei,75,CV,73,16.18,-22.92,23.0,4.6,73.4,10.28990694345025
porto seguro,20,BR,83,-16.44,-39.06,25.0,3.1,77.0,6.934502505368647
ketchikan,90,US,62,55.34,-131.65,15.0,5.1,59.0,11.408375089477449
baturaja,99,ID,95,-4.12,104.17,23.04,0.81,73.472,1.811918396564066
pacifica,90,US,93,37.61,-122.49,23.89,4.6,75.002,10.28990694345025
kaputa,11,ZM,82,-8.47,29.66,16.54,0.36,61.772,0.8052970651395848
sibolga,100,ID,75,1.74,98.78,27.64,2.24,81.752,5.010737294201862
touros,0,BR,83,-5.2,-35.46,26.0,3.1,78.8,6.934502505368647
porto de moz,99,BR,97,-1.75,-52.24,23.84,1.02,74.912,2.2816750178954903
ust-uda,88,RU,62,54.17,103.03,11.24,2.25,52.232,5.033106657122405
half moon bay,90,US,93,37.46,-122.43,26.67,4.6,80.006,10.28990694345025
ambilobe,70,MG,89,-13.19,49.05,21.54,2.45,70.77199999999999,5.480493915533286
brae,89,GB,100,60.4,-1.35,10.0,6.2,50.0,13.869005010737293
kununurra,38,AU,19,-15.77,128.74,19.0,6.7,66.2,14.987473156764496
ukiah,1,US,26,39.15,-123.21,33.0,4.6,91.4,10.28990694345025
malindi,3,KE,79,-3.22,40.12,24.44,3.73,75.992,8.343772369362922
rocha,75,UY,89,-34.48,-54.34,10.94,1.69,51.692,3.78042233357194
sao jose da coroa grande,51,BR,92,-8.9,-35.15,23.54,1.53,74.372,3.4225125268432355
magistralnyy,54,RU,60,56.17,107.45,9.84,1.04,49.712,2.326413743736578
qasigiannguit,20,GL,65,68.82,-51.19,4.0,1.5,39.2,3.3554044380816035
sortland,100,NO,81,68.69,15.42,6.11,11.8,42.998000000000005,26.395848246241947
yeppoon,40,AU,59,-23.13,150.74,16.0,2.1,60.8,4.6975662133142455
saint-augustin,0,FR,68,44.83,-0.61,21.11,2.12,69.998,4.742304939155332
san cristobal,75,EC,82,-0.39,-78.55,16.0,3.1,60.8,6.934502505368647
san juan,40,PR,74,18.47,-66.12,27.0,5.1,80.6,11.408375089477449
boddam,81,GB,87,57.47,-1.78,11.67,0.5,53.006,1.1184681460272012
lata,32,IN,69,30.78,78.62,2.24,3.39,36.032000000000004,7.583214030064424
say,0,NE,58,13.1,2.36,29.0,3.1,84.2,6.934502505368647
champerico,90,MX,88,16.38,-93.6,24.0,1.5,75.2,3.3554044380816035
tupaciguara,0,BR,60,-18.59,-48.7,22.0,1.5,71.6,3.3554044380816035
yicheng,0,CN,39,31.71,112.27,26.14,0.92,79.05199999999999,2.0579813886900498
dongsheng,100,CN,77,29.72,112.52,23.74,3.02,74.732,6.755547602004294
fallon,1,US,35,46.84,-105.12,21.0,3.1,69.8,6.934502505368647
bashtanka,3,UA,91,47.4,32.45,19.94,3.01,67.892,6.733178239083751
strelka,33,RU,75,58.08,93.03,5.34,3.14,41.612,7.023979957050824
hirara,75,JP,94,24.8,125.28,27.0,6.7,80.6,14.987473156764496
chibombo,26,ZM,70,-14.68,28.09,11.94,1.62,53.492,3.623836793128132
siparia,20,TT,69,10.14,-61.51,28.0,3.1,82.4,6.934502505368647
minnedosa,75,CA,29,50.25,-99.84,19.0,7.7,66.2,17.224409448818896
ati,11,TD,26,13.21,18.34,35.04,2.76,95.072,6.17394416607015
jelenia gora,32,PL,10,50.9,15.73,15.0,2.25,59.0,5.033106657122405
weihe,0,CN,68,32.99,105.33,17.78,1.33,64.004,2.975125268432355
wanaka,86,NZ,73,-44.7,169.14,6.67,0.45,44.006,1.0066213314244812
plymouth,20,GB,93,50.37,-4.14,16.67,3.1,62.00600000000001,6.934502505368647
san vicente,75,SV,74,13.64,-88.78,29.0,1.5,84.2,3.3554044380816035
rawson,74,AR,59,-43.3,-65.11,10.24,2.96,50.432,6.62133142448103
atasu,31,KZ,60,48.68,71.64,18.94,2.8,66.092,6.263421617752326
boende,100,CD,96,-0.28,20.88,21.74,0.9,71.132,2.0132426628489624
reconquista,51,AR,93,-29.14,-59.64,14.24,2.08,57.632,4.652827487473156
hervey bay,90,AU,77,-25.3,152.85,20.56,4.1,69.008,9.171438797423049
tateyama,0,JP,64,36.66,137.31,22.78,0.5,73.004,1.1184681460272012
itapaci,17,BR,65,-14.95,-49.55,21.54,1.96,70.77199999999999,4.384395132426628
diego de almagro,0,CL,77,-26.39,-70.05,12.84,0.61,55.112,1.3645311381531855
port hawkesbury,75,CA,87,45.62,-61.36,11.67,4.1,53.006,9.171438797423049
ybycui,98,PY,94,-26.02,-57.05,16.84,1.81,62.312,4.0488546886184675
bograd,40,RU,93,54.22,90.86,7.0,2.0,44.6,4.473872584108805
fethiye,0,TR,68,36.62,29.12,21.11,1.5,69.998,3.3554044380816035
sirpur,98,IN,44,18.94,78.68,32.64,0.27,90.752,0.6039727988546887
londonderry,75,US,68,42.87,-71.37,19.0,4.6,66.2,10.28990694345025
nabire,100,ID,95,-3.36,135.5,24.04,0.34,75.27199999999999,0.7605583392984967
angoche,8,MZ,94,-16.23,39.91,20.44,2.57,68.792,5.748926270579814
lasa,20,CY,94,34.92,32.53,23.0,2.1,73.4,4.6975662133142455
klaksvik,88,FO,81,62.23,-6.59,7.0,4.6,44.6,10.28990694345025
san javier,0,ES,67,37.81,-0.83,20.0,3.1,68.0,6.934502505368647
malazgirt,98,TR,82,39.15,42.54,10.34,1.23,50.612,2.7514316392269147
pagsangahan,87,PH,70,11.13,124.56,29.74,2.78,85.532,6.218682891911238
te anau,59,NZ,80,-45.41,167.72,5.34,1.27,41.612,2.8409090909090913
novobataysk,0,RU,77,46.9,39.78,19.0,2.0,66.2,4.473872584108805
xuddur,99,SO,81,4.12,43.89,23.34,7.72,74.012,17.269148174659986
corigliano calabro,58,IT,99,39.6,16.52,13.33,0.45,55.994,1.0066213314244812
bilibino,91,RU,90,68.06,166.44,3.94,2.76,39.092,6.17394416607015
chekhov,0,RU,87,55.14,37.45,15.56,1.23,60.007999999999996,2.7514316392269147
portland,40,US,34,45.52,-122.67,28.33,4.1,82.994,9.171438797423049
chandler,1,US,10,33.31,-111.84,37.78,4.1,100.00399999999999,9.171438797423049
misasi,100,TZ,68,-3.01,33.09,21.74,1.03,71.132,2.3040443808160345
husavik,0,CA,29,50.56,-96.99,16.11,2.24,60.998000000000005,5.010737294201862
taltal,0,CL,60,-25.41,-70.49,16.54,2.52,61.772,5.637079455977093
anadyr,0,RU,60,64.73,177.51,6.0,7.0,42.8,15.658554044380812
dudinka,90,RU,92,69.41,86.18,-1.0,5.0,30.2,11.184681460272012
kinsale,75,IE,100,51.71,-8.52,13.33,5.7,55.994,12.750536864710094
liku,100,ID,75,-0.73,119.89,27.94,2.84,82.292,6.352899069434503
san anselmo,1,US,54,37.97,-122.56,26.0,4.6,78.8,10.28990694345025
denpasar,40,ID,88,-8.65,115.22,26.0,5.1,78.8,11.408375089477449
hun,40,BE,72,50.34,4.87,20.0,0.5,68.0,1.1184681460272012
mandaguari,0,BR,88,-23.52,-51.68,22.0,2.0,71.6,4.473872584108805
owerri,100,NG,96,5.49,7.03,23.44,2.31,74.19200000000001,5.167322834645669
independence,1,US,58,39.09,-94.42,30.0,2.1,86.0,4.6975662133142455
bavly,47,RU,94,54.4,53.24,15.74,3.24,60.332,7.247673586256264
roebourne,0,AU,16,-20.77,117.15,17.74,9.66,63.932,21.608804581245526
vysokogornyy,99,RU,81,50.1,139.13,8.84,2.87,47.912,6.420007158196134
klichka,10,RU,36,50.44,118.0,15.44,1.11,59.792,2.4829992841803867
rostock,75,DE,87,54.09,12.13,13.0,1.0,55.4,2.2369362920544025
olesnica,0,PL,82,51.21,17.39,17.78,0.5,64.004,1.1184681460272012
trelew,74,AR,59,-43.25,-65.31,10.24,2.96,50.432,6.62133142448103
sistranda,75,NO,87,63.73,8.83,7.78,2.1,46.004,4.6975662133142455
mercedes,5,UY,85,-33.25,-58.03,14.74,1.39,58.532,3.109341445955619
issoire,0,FR,63,45.54,3.25,19.0,1.0,66.2,2.2369362920544025
mount gambier,90,AU,100,-37.83,140.78,10.0,5.1,50.0,11.408375089477449
hovd,75,NO,76,63.83,10.7,9.0,4.6,48.2,10.28990694345025
tecpan,75,GT,77,14.76,-90.99,21.0,7.2,69.8,16.1059413027917
fagersta,45,SE,100,60.0,15.79,12.0,2.6,53.6,5.8160343593414465
atar,1,MR,11,20.52,-13.05,34.04,1.5,93.272,3.3554044380816035
awbari,64,LY,36,26.59,12.77,27.74,7.46,81.932,16.687544738725844
port blair,100,IN,75,11.67,92.75,29.54,3.58,85.172,8.00823192555476
nemuro,2,JP,79,43.32,145.57,12.14,6.08,53.852000000000004,13.600572655690767
southampton,57,GB,82,50.9,-1.4,18.0,1.0,64.4,2.2369362920544025
kailua,75,US,62,21.39,-157.74,32.0,6.7,89.6,14.987473156764496
san quintin,86,PH,59,17.54,120.52,31.44,0.57,88.59200000000001,1.275053686471009
rimavska sobota,0,SK,88,48.38,20.02,13.04,2.59,55.471999999999994,5.793664996420901
amalapuram,97,IN,85,16.58,82.0,29.64,2.38,85.352,5.323908375089477
vostok,84,RU,67,46.45,135.83,15.14,2.29,59.251999999999995,5.12258410880458
juneau,90,US,81,58.3,-134.42,12.22,3.6,53.996,8.05297065139585
mabaruma,91,GY,98,8.2,-59.78,23.44,1.16,74.19200000000001,2.5948460987831066
nelson bay,90,AU,93,-32.72,152.14,13.89,3.6,57.002,8.05297065139585
providencia,75,CO,82,1.24,-77.6,19.0,3.1,66.2,6.934502505368647
joanopolis,0,BR,82,-22.93,-46.28,20.0,0.5,68.0,1.1184681460272012
qaqortoq,7,GL,56,60.72,-46.03,6.0,5.1,42.8,11.408375089477449
roma,0,IT,82,41.89,12.48,18.0,0.5,64.4,1.1184681460272012
joetsu,82,JP,89,37.15,138.24,19.44,0.45,66.992,1.0066213314244812
torres,99,BR,96,-29.34,-49.73,16.44,1.22,61.592,2.729062276306371
chapais,90,CA,43,49.78,-74.86,13.0,2.6,55.4,5.8160343593414465
gambo,94,NG,47,11.96,9.63,31.34,5.12,88.412,11.453113815318538
tawang,1,BT,62,27.59,91.87,10.94,1.91,51.692,4.272548317823908
peniche,0,PT,82,39.36,-9.38,24.44,1.0,75.992,2.2369362920544025
marystown,26,CA,94,47.17,-55.16,5.24,1.88,41.432,4.205440229062276
kalakamati,0,BW,51,-20.59,27.31,13.64,3.97,56.552,8.880637079455976
coquimbo,0,CL,82,-29.95,-71.34,14.0,1.0,57.2,2.2369362920544025
galle,1,US,52,29.74,-97.91,33.33,3.6,91.994,8.05297065139585
paramonga,82,PE,86,-10.68,-77.82,17.64,5.85,63.751999999999995,13.086077308518252
cartagena,0,ES,67,37.63,-1.0,18.89,3.1,66.002,6.934502505368647
aklavik,20,CA,28,68.22,-135.01,15.0,5.1,59.0,11.408375089477449
yenagoa,100,NG,95,4.92,6.26,23.84,1.31,74.912,2.9303865425912665
cairns,90,AU,68,-16.92,145.77,22.78,8.2,73.004,18.342877594846097
derzhavinsk,74,KZ,75,51.1,66.31,17.64,3.02,63.751999999999995,6.755547602004294
kupang,51,ID,74,-10.16,123.6,27.24,10.33,81.032,23.10755189692198
qena,0,EG,27,26.16,32.72,32.0,1.5,89.6,3.3554044380816035
jacksonville beach,1,US,66,30.29,-81.39,32.22,6.2,89.99600000000001,13.869005010737293
chernyshevskiy,1,RU,48,63.01,112.47,16.64,3.8,61.952,8.500357909806729
thinadhoo,83,MV,75,0.53,72.93,29.24,5.53,84.63199999999999,12.370257695060845
barra bonita,0,BR,65,-22.49,-48.56,27.0,2.1,80.6,4.6975662133142455
abnub,0,EG,37,27.27,31.15,29.0,8.2,84.2,18.342877594846097
el fuerte,38,MX,56,26.42,-108.62,29.14,4.56,84.452,10.200429491768071
townsville,100,AU,63,-19.26,146.82,18.33,5.7,64.994,12.750536864710094
ridgecrest,90,US,26,35.62,-117.67,28.33,2.6,82.994,5.8160343593414465
srednekolymsk,0,RU,51,67.46,153.71,9.34,5.05,48.812,11.296528274874731
